,"label","color","shape","score","decision","comment"
0,"restriction ends overtaking trucks","red","triangle",0,"False","{""anomaly"": 0.0}<|eot_id|>"
1,"restriction ends overtaking trucks","red","circle",0,"False","{""anomaly"": 0.0}<|eot_id|>"
2,"restriction ends overtaking trucks","red","square",0.9999,"True","{""anomaly"": 0.9999}<|eot_id|>"
3,"restriction ends overtaking trucks","red","octagon",0.9,"True","{""anomaly"": 0.9}<|eot_id|>"
4,"restriction ends overtaking trucks","red","inverse_triangle",0.9,"True","{""anomaly"": 0.9}<|eot_id|>"
5,"restriction ends overtaking trucks","blue","triangle",0.9,"True","{""anomaly"": 0.9}<|eot_id|>"
6,"restriction ends overtaking trucks","blue","circle",0.9,"True","{""anomaly"": 0.9}<|eot_id|>"
7,"restriction ends overtaking trucks","blue","square",1,"True","{""anomaly"": 0.9999999999999999}<|eot_id|>"
8,"restriction ends overtaking trucks","blue","octagon",0.95,"True","{""anomaly"": 0.95}<|eot_id|>"
9,"restriction ends overtaking trucks","blue","inverse_triangle",0.9999,"True","{""anomaly"": 0.9999}<|eot_id|>"
10,"restriction ends overtaking trucks","yellow","triangle",0,"False","{""anomaly"": 0.0}<|eot_id|>"
11,"restriction ends overtaking trucks","yellow","circle",0,"False","{""anomaly"": 0.0}<|eot_id|>"
12,"restriction ends overtaking trucks","yellow","square",1,"True","{""anomaly"": 0.9999999999999999}<|eot_id|>"
13,"restriction ends overtaking trucks","yellow","octagon",0.9,"True","{""anomaly"": 0.9}<|eot_id|>"
14,"restriction ends overtaking trucks","yellow","inverse_triangle",0.9,"True","{""anomaly"": 0.9}<|eot_id|>"
15,"restriction ends overtaking trucks","white","triangle",0,"False","{""anomaly"": 0.0}<|eot_id|>"
16,"restriction ends overtaking trucks","white","circle",0,"False","{""anomaly"": 0.0}<|eot_id|>"
17,"restriction ends overtaking trucks","white","square",0.9999,"True","{""anomaly"": 0.9999}<|eot_id|>"
18,"restriction ends overtaking trucks","white","octagon",0.9,"True","{""anomaly"": 0.9}<|eot_id|>"
19,"restriction ends overtaking trucks","white","inverse_triangle",0.9,"True","{""anomaly"": 0.9}<|eot_id|>"
20,"uneven road","red","triangle",0,"False","{""anomaly"": 0.0}<|eot_id|>"
21,"uneven road","red","circle",0.95,"True","{""anomaly"": 0.95}<|eot_id|>"
22,"uneven road","red","square",1,"True","{""anomaly"": 1.0}<|eot_id|>"
23,"uneven road","red","octagon",1,"True","{""anomaly"": 1.0}<|eot_id|>"
24,"uneven road","red","inverse_triangle",1,"True","{""anomaly"": 1.0}<|eot_id|>"
25,"uneven road","blue","triangle",0.8,"True","{""anomaly"": 0.8}<|eot_id|>"
26,"uneven road","blue","circle",0.9,"True","{""anomaly"": 0.9}<|eot_id|>"
27,"uneven road","blue","square",0.95,"True","{""anomaly"": 0.95}<|eot_id|>"
28,"uneven road","blue","octagon",0.999,"True","{""anomaly"": 0.999}<|eot_id|>"
29,"uneven road","blue","inverse_triangle",1,"True","{""anomaly"": 1.0}<|eot_id|>"
30,"uneven road","yellow","triangle",0,"False","{""anomaly"": 0.0}<|eot_id|>"
31,"uneven road","yellow","circle",0.9,"True","{""anomaly"": 0.9}<|eot_id|>"
32,"uneven road","yellow","square",1,"True","{""anomaly"": 1.0}<|eot_id|>"
33,"uneven road","yellow","octagon",0.9,"True","{""anomaly"": 0.9}<|eot_id|>"
34,"uneven road","yellow","inverse_triangle",1,"True","{""anomaly"": 1.0}<|eot_id|>"
35,"uneven road","white","triangle",0,"False","{""anomaly"": 0.0}<|eot_id|>"
36,"uneven road","white","circle",0.95,"True","{""anomaly"": 0.95}<|eot_id|>"
37,"uneven road","white","square",0.9,"True","{""anomaly"": 0.9}<|eot_id|>"
38,"uneven road","white","octagon",1,"True","{""anomaly"": 1.0}<|eot_id|>"
39,"uneven road","white","inverse_triangle",0.9,"True","{""anomaly"": 0.9}<|eot_id|>"
40,"priority road","red","triangle",0.9,"True","{""anomaly"": 0.9}<|eot_id|>"
41,"priority road","red","circle",0,"False","{""anomaly"": 0.0}<|eot_id|>"
42,"priority road","red","square",1,"True","{""anomaly"": 1.0}<|eot_id|>"
43,"priority road","red","octagon",0.9,"True","{""anomaly"": 0.9}<|eot_id|>"
44,"priority road","red","inverse_triangle",1,"True","{""anomaly"": 1.0}<|eot_id|>"
45,"priority road","blue","triangle",0.95,"True","{""anomaly"": 0.95}<|eot_id|>"
46,"priority road","blue","circle",0,"False","{""anomaly"": 0.0}<|eot_id|>"
47,"priority road","blue","square",0.999,"True","{""anomaly"": 0.999}<|eot_id|>"
48,"priority road","blue","octagon",0.999,"True","{""anomaly"": 0.999}<|eot_id|>"
49,"priority road","blue","inverse_triangle",0.999,"True","{""anomaly"": 0.999}<|eot_id|>"
50,"priority road","yellow","triangle",0,"False","{""anomaly"": 0.0}<|eot_id|>"
51,"priority road","yellow","circle",0,"False","{""anomaly"": 0.0}<|eot_id|>"
52,"priority road","yellow","square",1,"True","{""anomaly"": 1.0}<|eot_id|>"
53,"priority road","yellow","octagon",1,"True","{""anomaly"": 1.0}<|eot_id|>"
54,"priority road","yellow","inverse_triangle",0.9,"True","{""anomaly"": 0.9}<|eot_id|>"
55,"priority road","white","triangle",0.9,"True","{""anomaly"": 0.9}<|eot_id|>"
56,"priority road","white","circle",0,"False","{""anomaly"": 0.0}<|eot_id|>"
57,"priority road","white","square",0.999,"True","{""anomaly"": 0.999}<|eot_id|>"
58,"priority road","white","octagon",0.9,"True","{""anomaly"": 0.9}<|eot_id|>"
59,"priority road","white","inverse_triangle",1,"True","{""anomaly"": 1.0}<|eot_id|>"
60,"bend right","red","triangle",0,"False","{""anomaly"": 0.0}<|eot_id|>"
61,"bend right","red","circle",0.8,"True","{""anomaly"": 0.8}<|eot_id|>"
62,"bend right","red","square",1,"True","{""anomaly"": 1.0}<|eot_id|>"
63,"bend right","red","octagon",0.9,"True","{""anomaly"": 0.9}<|eot_id|>"
64,"bend right","red","inverse_triangle",0.9,"True","{""anomaly"": 0.9}<|eot_id|>"
65,"bend right","blue","triangle",0,"False","{""anomaly"": 0.0}<|eot_id|>"
66,"bend right","blue","circle",0,"False","{""anomaly"": 0.0}<|eot_id|>"
67,"bend right","blue","square",1,"True","{""anomaly"": 1.0}<|eot_id|>"
68,"bend right","blue","octagon",1,"True","{""anomaly"": 1.0}<|eot_id|>"
69,"bend right","blue","inverse_triangle",0.9,"True","{""anomaly"": 0.9}<|eot_id|>"
70,"bend right","yellow","triangle",0,"False","{""anomaly"": 0.0}<|eot_id|>"
71,"bend right","yellow","circle",0.9,"True","{""anomaly"": 0.9}<|eot_id|>"
72,"bend right","yellow","square",1,"True","{""anomaly"": 1.0}<|eot_id|>"
73,"bend right","yellow","octagon",0.9999,"True","{""anomaly"": 0.9999}<|eot_id|>"
74,"bend right","yellow","inverse_triangle",0.9,"True","{""anomaly"": 0.9}<|eot_id|>"
75,"bend right","white","triangle",0.9,"True","{""anomaly"": 0.9}<|eot_id|>"
76,"bend right","white","circle",0.9,"True","{""anomaly"": 0.9}<|eot_id|>"
77,"bend right","white","square",0.9,"True","{""anomaly"": 0.9}<|eot_id|>"
78,"bend right","white","octagon",0.9,"True","{""anomaly"": 0.9}<|eot_id|>"
79,"bend right","white","inverse_triangle",1,"True","{""anomaly"": 1.0}<|eot_id|>"
80,"keep left","red","triangle",1,"True","{""anomaly"": 1.0}<|eot_id|>"
81,"keep left","red","circle",0.9,"True","{""anomaly"": 0.9}<|eot_id|>"
82,"keep left","red","square",1,"True","{""anomaly"": 1.0}<|eot_id|>"
83,"keep left","red","octagon",0.9,"True","{""anomaly"": 0.9}<|eot_id|>"
84,"keep left","red","inverse_triangle",1,"True","{""anomaly"": 1.0}<|eot_id|>"
85,"keep left","blue","triangle",0,"False","{""anomaly"": 0.0}<|eot_id|>"
86,"keep left","blue","circle",0,"False","{""anomaly"": 0.0}<|eot_id|>"
87,"keep left","blue","square",0.9,"True","{""anomaly"": 0.9}<|eot_id|>"
88,"keep left","blue","octagon",0.9,"True","{""anomaly"": 0.9}<|eot_id|>"
89,"keep left","blue","inverse_triangle",1,"True","{""anomaly"": 1.0}<|eot_id|>"
90,"keep left","yellow","triangle",0.9,"True","{""anomaly"": 0.9}<|eot_id|>"
91,"keep left","yellow","circle",0,"False","{""anomaly"": 0.0}<|eot_id|>"
92,"keep left","yellow","square",1,"True","{""anomaly"": 1.0}<|eot_id|>"
93,"keep left","yellow","octagon",1,"True","{""anomaly"": 1.0}<|eot_id|>"
94,"keep left","yellow","inverse_triangle",0.9,"True","{""anomaly"": 0.9}<|eot_id|>"
95,"keep left","white","triangle",0.9,"True","{""anomaly"": 0.9}<|eot_id|>"
96,"keep left","white","circle",0,"False","{""anomaly"": 0.0}<|eot_id|>"
97,"keep left","white","square",0.9999,"True","{""anomaly"": 0.9999}<|eot_id|>"
98,"keep left","white","octagon",1,"True","{""anomaly"": 1.0}<|eot_id|>"
99,"keep left","white","inverse_triangle",0.9,"True","{""anomaly"": 0.9}<|eot_id|>"
100,"animals","red","triangle",0,"False","{""anomaly"": 0.0}<|eot_id|>"
101,"animals","red","circle",0.9,"True","{""anomaly"": 0.9}<|eot_id|>"
102,"animals","red","square",1,"True","{""anomaly"": 1.0}<|eot_id|>"
103,"animals","red","octagon",1,"True","{""anomaly"": 1.0}<|eot_id|>"
104,"animals","red","inverse_triangle",0.9,"True","{""anomaly"": 0.9}<|eot_id|>"
105,"animals","blue","triangle",1,"True","{""anomaly"": 1.0}<|eot_id|>"
106,"animals","blue","circle",0.95,"True","{""anomaly"": 0.95}<|eot_id|>"
107,"animals","blue","square",0.9,"True","{""anomaly"": 0.9}<|eot_id|>"
108,"animals","blue","octagon",1,"True","{""anomaly"": 1.0}<|eot_id|>"
109,"animals","blue","inverse_triangle",1,"True","{""anomaly"": 1.0}<|eot_id|>"
110,"animals","yellow","triangle",0,"False","{""anomaly"": 0.0}<|eot_id|>"
111,"animals","yellow","circle",0.9,"True","{""anomaly"": 0.9}<|eot_id|>"
112,"animals","yellow","square",0.9,"True","{""anomaly"": 0.9}<|eot_id|>"
113,"animals","yellow","octagon",0.9999,"True","{""anomaly"": 0.9999}<|eot_id|>"
114,"animals","yellow","inverse_triangle",1,"True","{""anomaly"": 1.0}<|eot_id|>"
115,"animals","white","triangle",0.8,"True","{""anomaly"": 0.8}<|eot_id|>"
116,"animals","white","circle",0.95,"True","{""anomaly"": 0.95}<|eot_id|>"
117,"animals","white","square",0.95,"True","{""anomaly"": 0.95}<|eot_id|>"
118,"animals","white","octagon",1,"True","{""anomaly"": 1.0}<|eot_id|>"
119,"animals","white","inverse_triangle",1,"True","{""anomaly"": 1.0}<|eot_id|>"
120,"go straight","red","triangle",0.9,"True","{""anomaly"": 0.9}<|eot_id|>"
121,"go straight","red","circle",0.9,"True","{""anomaly"": 0.9}<|eot_id|>"
122,"go straight","red","square",1,"True","{""anomaly"": 1.0}<|eot_id|>"
123,"go straight","red","octagon",1,"True","{""anomaly"": 1.0}<|eot_id|>"
124,"go straight","red","inverse_triangle",1,"True","{""anomaly"": 1.0}<|eot_id|>"
125,"go straight","blue","triangle",0.9,"True","{""anomaly"": 0.9}<|eot_id|>"
126,"go straight","blue","circle",0,"False","{""anomaly"": 0.0}<|eot_id|>"
127,"go straight","blue","square",0.9,"True","{""anomaly"": 0.9}<|eot_id|>"
128,"go straight","blue","octagon",0.9,"True","{""anomaly"": 0.9}<|eot_id|>"
129,"go straight","blue","inverse_triangle",1,"True","{""anomaly"": 1.0}<|eot_id|>"
130,"go straight","yellow","triangle",0.9,"True","{""anomaly"": 0.9}<|eot_id|>"
131,"go straight","yellow","circle",0,"False","{""anomaly"": 0.0}<|eot_id|>"
132,"go straight","yellow","square",1,"True","{""anomaly"": 1.0}<|eot_id|>"
133,"go straight","yellow","octagon",0.9,"True","{""anomaly"": 0.9}<|eot_id|>"
134,"go straight","yellow","inverse_triangle",0.9,"True","{""anomaly"": 0.9}<|eot_id|>"
135,"go straight","white","triangle",1,"True","{""anomaly"": 1.0}<|eot_id|>"
136,"go straight","white","circle",0,"False","{""anomaly"": 0.0}<|eot_id|>"
137,"go straight","white","square",0.9999,"True","{""anomaly"": 0.9999}<|eot_id|>"
138,"go straight","white","octagon",0.9,"True","{""anomaly"": 0.9}<|eot_id|>"
139,"go straight","white","inverse_triangle",1,"True","{""anomaly"": 1.0}<|eot_id|>"
140,"roundabout","red","triangle",0.9,"True","{""anomaly"": 0.9}<|eot_id|>"
141,"roundabout","red","circle",0.95,"True","{""anomaly"": 0.95}<|eot_id|>"
142,"roundabout","red","square",0.999,"True","{""anomaly"": 0.999}<|eot_id|>"
143,"roundabout","red","octagon",0.9,"True","{""anomaly"": 0.9}<|eot_id|>"
144,"roundabout","red","inverse_triangle",1,"True","{""anomaly"": 1.0}<|eot_id|>"
145,"roundabout","blue","triangle",0.9,"True","{""anomaly"": 0.9}<|eot_id|>"
146,"roundabout","blue","circle",0,"False","{""anomaly"": 0.0}<|eot_id|>"
147,"roundabout","blue","square",0.95,"True","{""anomaly"": 0.95}<|eot_id|>"
148,"roundabout","blue","octagon",0.9,"True","{""anomaly"": 0.9}<|eot_id|>"
149,"roundabout","blue","inverse_triangle",0.9999,"True","{""anomaly"": 0.9999}<|eot_id|>"
150,"roundabout","yellow","triangle",0.9,"True","{""anomaly"": 0.9}<|eot_id|>"
151,"roundabout","yellow","circle",0,"False","{""anomaly"": 0.0}<|eot_id|>"
152,"roundabout","yellow","square",0.9,"True","{""anomaly"": 0.9}<|eot_id|>"
153,"roundabout","yellow","octagon",0.95,"True","{""anomaly"": 0.95}<|eot_id|>"
154,"roundabout","yellow","inverse_triangle",0.9,"True","{""anomaly"": 0.9}<|eot_id|>"
155,"roundabout","white","triangle",0.9,"True","{""anomaly"": 0.9}<|eot_id|>"
156,"roundabout","white","circle",0,"False","{""anomaly"": 0.0}<|eot_id|>"
157,"roundabout","white","square",0.9999,"True","{""anomaly"": 0.9999}<|eot_id|>"
158,"roundabout","white","octagon",0.9,"True","{""anomaly"": 0.9}<|eot_id|>"
159,"roundabout","white","inverse_triangle",1,"True","{""anomaly"": 1.0}<|eot_id|>"
160,"danger","red","triangle",0,"False","{""anomaly"": 0.0}<|eot_id|>"
161,"danger","red","circle",0,"False","{""anomaly"": 0.0}<|eot_id|>"
162,"danger","red","square",1,"True","{""anomaly"": 1.0}<|eot_id|>"
163,"danger","red","octagon",1,"True","{""anomaly"": 1.0}<|eot_id|>"
164,"danger","red","inverse_triangle",0,"False","{""anomaly"": 0.0}<|eot_id|>"
165,"danger","blue","triangle",1,"True","{""anomaly"": 1.0}<|eot_id|>"
166,"danger","blue","circle",0.9,"True","{""anomaly"": 0.9}<|eot_id|>"
167,"danger","blue","square",1,"True","{""anomaly"": 1.0}<|eot_id|>"
168,"danger","blue","octagon",1,"True","{""anomaly"": 1.0}<|eot_id|>"
169,"danger","blue","inverse_triangle",0.9,"True","{""anomaly"": 0.9}<|eot_id|>"
170,"danger","yellow","triangle",0,"False","{""anomaly"": 0.0}<|eot_id|>"
171,"danger","yellow","circle",0.9,"True","{""anomaly"": 0.9}<|eot_id|>"
172,"danger","yellow","square",1,"True","{""anomaly"": 1.0}<|eot_id|>"
173,"danger","yellow","octagon",1,"True","{""anomaly"": 1.0}<|eot_id|>"
174,"danger","yellow","inverse_triangle",0.9,"True","{""anomaly"": 0.9}<|eot_id|>"
175,"danger","white","triangle",0.9,"True","{""anomaly"": 0.9}<|eot_id|>"
176,"danger","white","circle",1,"True","{""anomaly"": 1.0}<|eot_id|>"
177,"danger","white","square",1,"True","{""anomaly"": 1.0}<|eot_id|>"
178,"danger","white","octagon",1,"True","{""anomaly"": 1.0}<|eot_id|>"
179,"danger","white","inverse_triangle",0.95,"True","{""anomaly"": 0.95}<|eot_id|>"
180,"snow","red","triangle",0.95,"True","{""anomaly"": 0.95}<|eot_id|>"
181,"snow","red","circle",0.9,"True","{""anomaly"": 0.9}<|eot_id|>"
182,"snow","red","square",1,"True","{""anomaly"": 1.0}<|eot_id|>"
183,"snow","red","octagon",1,"True","{""anomaly"": 1.0}<|eot_id|>"
184,"snow","red","inverse_triangle",1,"True","{""anomaly"": 1.0}<|eot_id|>"
185,"snow","blue","triangle",0.95,"True","{""anomaly"": 0.95}<|eot_id|>"
186,"snow","blue","circle",0.9,"True","{""anomaly"": 0.9}<|eot_id|>"
187,"snow","blue","square",1,"True","{""anomaly"": 1.0}<|eot_id|>"
188,"snow","blue","octagon",1,"True","{""anomaly"": 1.0}<|eot_id|>"
189,"snow","blue","inverse_triangle",1,"True","{""anomaly"": 1.0}<|eot_id|>"
190,"snow","yellow","triangle",0.95,"True","{""anomaly"": 0.95}<|eot_id|>"
191,"snow","yellow","circle",0.9,"True","{""anomaly"": 0.9}<|eot_id|>"
192,"snow","yellow","square",0.9999,"True","{""anomaly"": 0.9999}<|eot_id|>"
193,"snow","yellow","octagon",0.9999,"True","{""anomaly"": 0.9999}<|eot_id|>"
194,"snow","yellow","inverse_triangle",1,"True","{""anomaly"": 1.0}<|eot_id|>"
195,"snow","white","triangle",0,"False","{""anomaly"": 0.0}<|eot_id|>"
196,"snow","white","circle",0.9,"True","{""anomaly"": 0.9}<|eot_id|>"
197,"snow","white","square",1,"True","{""anomaly"": 1.0}<|eot_id|>"
198,"snow","white","octagon",1,"True","{""anomaly"": 1.0}<|eot_id|>"
199,"snow","white","inverse_triangle",0.9,"True","{""anomaly"": 0.9}<|eot_id|>"
200,"speed limit 80","red","triangle",0.9,"True","{""anomaly"": 0.9}<|eot_id|>"
201,"speed limit 80","red","circle",0,"False","{""anomaly"": 0.0}<|eot_id|>"
202,"speed limit 80","red","square",1,"True","{""anomaly"": 1.0}<|eot_id|>"
203,"speed limit 80","red","octagon",0.9,"True","{""anomaly"": 0.9}<|eot_id|>"
204,"speed limit 80","red","inverse_triangle",1,"True","{""anomaly"": 1.0}<|eot_id|>"
205,"speed limit 80","blue","triangle",1,"True","{""anomaly"": 1.0}<|eot_id|>"
206,"speed limit 80","blue","circle",0.9,"True","{""anomaly"": 0.9}<|eot_id|>"
207,"speed limit 80","blue","square",1,"True","{""anomaly"": 1.0}<|eot_id|>"
208,"speed limit 80","blue","octagon",0.999,"True","{""anomaly"": 0.999}<|eot_id|>"
209,"speed limit 80","blue","inverse_triangle",0.95,"True","{""anomaly"": 0.95}<|eot_id|>"
210,"speed limit 80","yellow","triangle",0.9,"True","{""anomaly"": 0.9}<|eot_id|>"
211,"speed limit 80","yellow","circle",0,"False","{""anomaly"": 0.0}<|eot_id|>"
212,"speed limit 80","yellow","square",1,"True","{""anomaly"": 1.0}<|eot_id|>"
213,"speed limit 80","yellow","octagon",1,"True","{""anomaly"": 1.0}<|eot_id|>"
214,"speed limit 80","yellow","inverse_triangle",1,"True","{""anomaly"": 1.0}<|eot_id|>"
215,"speed limit 80","white","triangle",0.9,"True","{""anomaly"": 0.9}<|eot_id|>"
216,"speed limit 80","white","circle",0.9,"True","{""anomaly"": 0.9}<|eot_id|>"
217,"speed limit 80","white","square",1,"True","{""anomaly"": 1.0}<|eot_id|>"
218,"speed limit 80","white","octagon",0.9,"True","{""anomaly"": 0.9}<|eot_id|>"
219,"speed limit 80","white","inverse_triangle",0.9,"True","{""anomaly"": 0.9}<|eot_id|>"
220,"restriction ends","red","triangle",0.9,"True","{""anomaly"": 0.9}<|eot_id|>"
221,"restriction ends","red","circle",0.9,"True","{""anomaly"": 0.9}<|eot_id|>"
222,"restriction ends","red","square",1,"True","{""anomaly"": 1.0}<|eot_id|>"
223,"restriction ends","red","octagon",0.9999,"True","{""anomaly"": 0.9999}<|eot_id|>"
224,"restriction ends","red","inverse_triangle",0.9,"True","{""anomaly"": 0.9}<|eot_id|>"
225,"restriction ends","blue","triangle",0.9,"True","{""anomaly"": 0.9}<|eot_id|>"
226,"restriction ends","blue","circle",0.95,"True","{""anomaly"": 0.95}<|eot_id|>"
227,"restriction ends","blue","square",1,"True","{""anomaly"": 1.0}<|eot_id|>"
228,"restriction ends","blue","octagon",0.9,"True","{""anomaly"": 0.9}<|eot_id|>"
229,"restriction ends","blue","inverse_triangle",0.9,"True","{""anomaly"": 0.9}<|eot_id|>"
230,"restriction ends","yellow","triangle",0,"False","{""anomaly"": 0.0}<|eot_id|>"
231,"restriction ends","yellow","circle",0,"False","{""anomaly"": 0.0}<|eot_id|>"
232,"restriction ends","yellow","square",0.95,"True","{""anomaly"": 0.95}<|eot_id|>"
233,"restriction ends","yellow","octagon",0.9999,"True","{""anomaly"": 0.9999}<|eot_id|>"
234,"restriction ends","yellow","inverse_triangle",0.9,"True","{""anomaly"": 0.9}<|eot_id|>"
235,"restriction ends","white","triangle",0,"False","{""anomaly"": 0.0}<|eot_id|>"
236,"restriction ends","white","circle",0,"False","{""anomaly"": 0.0}<|eot_id|>"
237,"restriction ends","white","square",1,"True","{""anomaly"": 1.0}<|eot_id|>"
238,"restriction ends","white","octagon",0.8,"True","{""anomaly"": 0.8}<|eot_id|>"
239,"restriction ends","white","inverse_triangle",1,"True","{""anomaly"": 1.0}<|eot_id|>"
240,"speed limit 20","red","triangle",0.9,"True","{""anomaly"": 0.9}<|eot_id|>"
241,"speed limit 20","red","circle",0,"False","{""anomaly"": 0.0}<|eot_id|>"
242,"speed limit 20","red","square",1,"True","{""anomaly"": 1.0}<|eot_id|>"
243,"speed limit 20","red","octagon",1,"True","{""anomaly"": 1.0}<|eot_id|>"
244,"speed limit 20","red","inverse_triangle",0.9,"True","{""anomaly"": 0.9}<|eot_id|>"
245,"speed limit 20","blue","triangle",1,"True","{""anomaly"": 1.0}<|eot_id|>"
246,"speed limit 20","blue","circle",0.9,"True","{""anomaly"": 0.9}<|eot_id|>"
247,"speed limit 20","blue","square",1,"True","{""anomaly"": 1.0}<|eot_id|>"
248,"speed limit 20","blue","octagon",0.9,"True","{""anomaly"": 0.9}<|eot_id|>"
249,"speed limit 20","blue","inverse_triangle",0.95,"True","{""anomaly"": 0.95}<|eot_id|>"
250,"speed limit 20","yellow","triangle",1,"True","{""anomaly"": 1.0}<|eot_id|>"
251,"speed limit 20","yellow","circle",0.8,"True","{""anomaly"": 0.8}<|eot_id|>"
252,"speed limit 20","yellow","square",1,"True","{""anomaly"": 1.0}<|eot_id|>"
253,"speed limit 20","yellow","octagon",0.95,"True","{""anomaly"": 0.95}<|eot_id|>"
254,"speed limit 20","yellow","inverse_triangle",0.95,"True","{""anomaly"": 0.95}<|eot_id|>"
255,"speed limit 20","white","triangle",0.9999,"True","{""anomaly"": 0.9999}<|eot_id|>"
256,"speed limit 20","white","circle",0.9,"True","{""anomaly"": 0.9}<|eot_id|>"
257,"speed limit 20","white","square",1,"True","{""anomaly"": 1.0}<|eot_id|>"
258,"speed limit 20","white","octagon",1,"True","{""anomaly"": 1.0}<|eot_id|>"
259,"speed limit 20","white","inverse_triangle",1,"True","{""anomaly"": 1.0}<|eot_id|>"
260,"traffic signal","red","triangle",0,"False","{""anomaly"": 0.0}<|eot_id|>"
261,"traffic signal","red","circle",0,"False","{""anomaly"": 0.0}<|eot_id|>"
262,"traffic signal","red","square",1,"True","{""anomaly"": 1.0}<|eot_id|>"
263,"traffic signal","red","octagon",0.9999,"True","{""anomaly"": 0.9999}<|eot_id|>"
264,"traffic signal","red","inverse_triangle",1,"True","{""anomaly"": 1.0}<|eot_id|>"
265,"traffic signal","blue","triangle",0,"False","{""anomaly"": 0.0}<|eot_id|>"
266,"traffic signal","blue","circle",0,"False","{""anomaly"": 0.0}<|eot_id|>"
267,"traffic signal","blue","square",0.9999,"True","{""anomaly"": 0.9999}<|eot_id|>"
268,"traffic signal","blue","octagon",1,"True","{""anomaly"": 1.0}<|eot_id|>"
269,"traffic signal","blue","inverse_triangle",1,"True","{""anomaly"": 1.0}<|eot_id|>"
270,"traffic signal","yellow","triangle",0,"False","{""anomaly"": 0.0}<|eot_id|>"
271,"traffic signal","yellow","circle",0,"False","{""anomaly"": 0.0}<|eot_id|>"
272,"traffic signal","yellow","square",0.9,"True","{""anomaly"": 0.9}<|eot_id|>"
273,"traffic signal","yellow","octagon",0.9,"True","{""anomaly"": 0.9}<|eot_id|>"
274,"traffic signal","yellow","inverse_triangle",0.9,"True","{""anomaly"": 0.9}<|eot_id|>"
275,"traffic signal","white","triangle",0,"False","{""anomaly"": 0.0}<|eot_id|>"
276,"traffic signal","white","circle",0.8,"True","{""anomaly"": 0.8}<|eot_id|>"
277,"traffic signal","white","square",0.999,"True","{""anomaly"": 0.999}<|eot_id|>"
278,"traffic signal","white","octagon",0.9,"True","{""anomaly"": 0.9}<|eot_id|>"
279,"traffic signal","white","inverse_triangle",0.9,"True","{""anomaly"": 0.9}<|eot_id|>"
280,"cycles crossing","red","triangle",0,"False","{""anomaly"": 0.0}<|eot_id|>"
281,"cycles crossing","red","circle",0.9,"True","{""anomaly"": 0.9}<|eot_id|>"
282,"cycles crossing","red","square",1,"True","{""anomaly"": 1.0}<|eot_id|>"
283,"cycles crossing","red","octagon",1,"True","{""anomaly"": 0.9999999999999999}<|eot_id|>"
284,"cycles crossing","red","inverse_triangle",1,"True","{""anomaly"": 1.0}<|eot_id|>"
285,"cycles crossing","blue","triangle",0,"False","{""anomaly"": 0.0}<|eot_id|>"
286,"cycles crossing","blue","circle",0,"False","{""anomaly"": 0.0}<|eot_id|>"
287,"cycles crossing","blue","square",1,"True","{""anomaly"": 1.0}<|eot_id|>"
288,"cycles crossing","blue","octagon",1,"True","{""anomaly"": 1.0}<|eot_id|>"
289,"cycles crossing","blue","inverse_triangle",1,"True","{""anomaly"": 1.0}<|eot_id|>"
290,"cycles crossing","yellow","triangle",0,"False","{""anomaly"": 0.0}<|eot_id|>"
291,"cycles crossing","yellow","circle",0.9,"True","{""anomaly"": 0.9}<|eot_id|>"
292,"cycles crossing","yellow","square",1,"True","{""anomaly"": 1.0}<|eot_id|>"
293,"cycles crossing","yellow","octagon",1,"True","{""anomaly"": 1.0}<|eot_id|>"
294,"cycles crossing","yellow","inverse_triangle",0.9,"True","{""anomaly"": 0.9}<|eot_id|>"
295,"cycles crossing","white","triangle",0,"False","{""anomaly"": 0.0}<|eot_id|>"
296,"cycles crossing","white","circle",0.9,"True","{""anomaly"": 0.9}<|eot_id|>"
297,"cycles crossing","white","square",0.999,"True","{""anomaly"": 0.999}<|eot_id|>"
298,"cycles crossing","white","octagon",0.9999,"True","{""anomaly"": 0.9999}<|eot_id|>"
299,"cycles crossing","white","inverse_triangle",0.9999,"True","{""anomaly"": 0.9999}<|eot_id|>"
300,"speed limit 70","red","triangle",0.9,"True","{""anomaly"": 0.9}<|eot_id|>"
301,"speed limit 70","red","circle",0,"False","{""anomaly"": 0.0}<|eot_id|>"
302,"speed limit 70","red","square",1,"True","{""anomaly"": 1.0}<|eot_id|>"
303,"speed limit 70","red","octagon",1,"True","{""anomaly"": 1.0}<|eot_id|>"
304,"speed limit 70","red","inverse_triangle",1,"True","{""anomaly"": 1.0}<|eot_id|>"
305,"speed limit 70","blue","triangle",0.9,"True","{""anomaly"": 0.9}<|eot_id|>"
306,"speed limit 70","blue","circle",0.9,"True","{""anomaly"": 0.9}<|eot_id|>"
307,"speed limit 70","blue","square",0.9999,"True","{""anomaly"": 0.9999}<|eot_id|>"
308,"speed limit 70","blue","octagon",1,"True","{""anomaly"": 0.9999999999999999}<|eot_id|>"
309,"speed limit 70","blue","inverse_triangle",0.9,"True","{""anomaly"": 0.9}<|eot_id|>"
310,"speed limit 70","yellow","triangle",0.9999,"True","{""anomaly"": 0.9999}<|eot_id|>"
311,"speed limit 70","yellow","circle",0,"False","{""anomaly"": 0.0}<|eot_id|>"
312,"speed limit 70","yellow","square",0.9,"True","{""anomaly"": 0.9}<|eot_id|>"
313,"speed limit 70","yellow","octagon",1,"True","{""anomaly"": 1.0}<|eot_id|>"
314,"speed limit 70","yellow","inverse_triangle",0.9,"True","{""anomaly"": 0.9}<|eot_id|>"
315,"speed limit 70","white","triangle",0.9,"True","{""anomaly"": 0.9}<|eot_id|>"
316,"speed limit 70","white","circle",0.9,"True","{""anomaly"": 0.9}<|eot_id|>"
317,"speed limit 70","white","square",0.95,"True","{""anomaly"": 0.95}<|eot_id|>"
318,"speed limit 70","white","octagon",1,"True","{""anomaly"": 1.0}<|eot_id|>"
319,"speed limit 70","white","inverse_triangle",1,"True","{""anomaly"": 1.0}<|eot_id|>"
320,"restriction ends 80","red","triangle",0.9,"True","{""anomaly"": 0.9}<|eot_id|>"
321,"restriction ends 80","red","circle",0,"False","{""anomaly"": 0.0}<|eot_id|>"
322,"restriction ends 80","red","square",1,"True","{""anomaly"": 1.0}<|eot_id|>"
323,"restriction ends 80","red","octagon",1,"True","{""anomaly"": 1.0}<|eot_id|>"
324,"restriction ends 80","red","inverse_triangle",0.9,"True","{""anomaly"": 0.9}<|eot_id|>"
325,"restriction ends 80","blue","triangle",0.8,"True","{""anomaly"": 0.8}<|eot_id|>"
326,"restriction ends 80","blue","circle",0.8,"True","{""anomaly"": 0.8}<|eot_id|>"
327,"restriction ends 80","blue","square",1,"True","{""anomaly"": 1.0}<|eot_id|>"
328,"restriction ends 80","blue","octagon",0.95,"True","{""anomaly"": 0.95}<|eot_id|>"
329,"restriction ends 80","blue","inverse_triangle",0.9999,"True","{""anomaly"": 0.9999}<|eot_id|>"
330,"restriction ends 80","yellow","triangle",0,"False","{""anomaly"": 0.0}<|eot_id|>"
331,"restriction ends 80","yellow","circle",0,"False","{""anomaly"": 0.0}<|eot_id|>"
332,"restriction ends 80","yellow","square",1,"True","{""anomaly"": 0.9999999999999999}<|eot_id|>"
333,"restriction ends 80","yellow","octagon",1,"True","{""anomaly"": 1.0}<|eot_id|>"
334,"restriction ends 80","yellow","inverse_triangle",0.9,"True","{""anomaly"": 0.9}<|eot_id|>"
335,"restriction ends 80","white","triangle",0,"False","{""anomaly"": 0.0}<|eot_id|>"
336,"restriction ends 80","white","circle",0,"False","{""anomaly"": 0.0}<|eot_id|>"
337,"restriction ends 80","white","square",0.9,"True","{""anomaly"": 0.9}<|eot_id|>"
338,"restriction ends 80","white","octagon",0.95,"True","{""anomaly"": 0.95}<|eot_id|>"
339,"restriction ends 80","white","inverse_triangle",0.95,"True","{""anomaly"": 0.95}<|eot_id|>"
340,"speed limit 50","red","triangle",0.9,"True","{""anomaly"": 0.9}<|eot_id|>"
341,"speed limit 50","red","circle",0,"False","{""anomaly"": 0.0}<|eot_id|>"
342,"speed limit 50","red","square",1,"True","{""anomaly"": 1.0}<|eot_id|>"
343,"speed limit 50","red","octagon",0.9,"True","{""anomaly"": 0.9}<|eot_id|>"
344,"speed limit 50","red","inverse_triangle",1,"True","{""anomaly"": 1.0}<|eot_id|>"
345,"speed limit 50","blue","triangle",0.9,"True","{""anomaly"": 0.9}<|eot_id|>"
346,"speed limit 50","blue","circle",0.95,"True","{""anomaly"": 0.95}<|eot_id|>"
347,"speed limit 50","blue","square",0.9,"True","{""anomaly"": 0.9}<|eot_id|>"
348,"speed limit 50","blue","octagon",1,"True","{""anomaly"": 1.0}<|eot_id|>"
349,"speed limit 50","blue","inverse_triangle",0.9,"True","{""anomaly"": 0.9}<|eot_id|>"
350,"speed limit 50","yellow","triangle",1,"True","{""anomaly"": 1.0}<|eot_id|>"
351,"speed limit 50","yellow","circle",0,"False","{""anomaly"": 0.0}<|eot_id|>"
352,"speed limit 50","yellow","square",1,"True","{""anomaly"": 1.0}<|eot_id|>"
353,"speed limit 50","yellow","octagon",1,"True","{""anomaly"": 1.0}<|eot_id|>"
354,"speed limit 50","yellow","inverse_triangle",0.9,"True","{""anomaly"": 0.9}<|eot_id|>"
355,"speed limit 50","white","triangle",0.9,"True","{""anomaly"": 0.9}<|eot_id|>"
356,"speed limit 50","white","circle",0,"False","{""anomaly"": 0.0}<|eot_id|>"
357,"speed limit 50","white","square",0.95,"True","{""anomaly"": 0.95}<|eot_id|>"
358,"speed limit 50","white","octagon",0.9,"True","{""anomaly"": 0.9}<|eot_id|>"
359,"speed limit 50","white","inverse_triangle",0.9,"True","{""anomaly"": 0.9}<|eot_id|>"
360,"stop","red","triangle",0,"False","{""anomaly"": 0.0}<|eot_id|>"
361,"stop","red","circle",0,"False","{""anomaly"": 0.0}<|eot_id|>"
362,"stop","red","square",1,"True","{""anomaly"": 1.0}<|eot_id|>"
363,"stop","red","octagon",0,"False","{""anomaly"": 0.0}<|eot_id|>"
364,"stop","red","inverse_triangle",1,"True","{""anomaly"": 1.0}<|eot_id|>"
365,"stop","blue","triangle",0.95,"True","{""anomaly"": 0.95}<|eot_id|>"
366,"stop","blue","circle",1,"True","{""anomaly"": 1.0}<|eot_id|>"
367,"stop","blue","square",1,"True","{""anomaly"": 1.0}<|eot_id|>"
368,"stop","blue","octagon",0.9,"True","{""anomaly"": 0.9}<|eot_id|>"
369,"stop","blue","inverse_triangle",0.95,"True","{""anomaly"": 0.95}<|eot_id|>"
370,"stop","yellow","triangle",0.95,"True","{""anomaly"": 0.95}<|eot_id|>"
371,"stop","yellow","circle",0.9,"True","{""anomaly"": 0.9}<|eot_id|>"
372,"stop","yellow","square",1,"True","{""anomaly"": 0.9999999999999999}<|eot_id|>"
373,"stop","yellow","octagon",1,"True","{""anomaly"": 1.0}<|eot_id|>"
374,"stop","yellow","inverse_triangle",1,"True","{""anomaly"": 1.0}<|eot_id|>"
375,"stop","white","triangle",0.9,"True","{""anomaly"": 0.9}<|eot_id|>"
376,"stop","white","circle",0.95,"True","{""anomaly"": 0.95}<|eot_id|>"
377,"stop","white","square",1,"True","{""anomaly"": 1.0}<|eot_id|>"
378,"stop","white","octagon",1,"True","{""anomaly"": 1.0}<|eot_id|>"
379,"stop","white","inverse_triangle",1,"True","{""anomaly"": 1.0}<|eot_id|>"
380,"keep right","red","triangle",0.9,"True","{""anomaly"": 0.9}<|eot_id|>"
381,"keep right","red","circle",0.95,"True","{""anomaly"": 0.95}<|eot_id|>"
382,"keep right","red","square",1,"True","{""anomaly"": 1.0}<|eot_id|>"
383,"keep right","red","octagon",1,"True","{""anomaly"": 1.0}<|eot_id|>"
384,"keep right","red","inverse_triangle",0.95,"True","{""anomaly"": 0.95}<|eot_id|>"
385,"keep right","blue","triangle",0,"False","{""anomaly"": 0.0}<|eot_id|>"
386,"keep right","blue","circle",0,"False","{""anomaly"": 0.0}<|eot_id|>"
387,"keep right","blue","square",0.9,"True","{""anomaly"": 0.9}<|eot_id|>"
388,"keep right","blue","octagon",1,"True","{""anomaly"": 1.0}<|eot_id|>"
389,"keep right","blue","inverse_triangle",0.9,"True","{""anomaly"": 0.9}<|eot_id|>"
390,"keep right","yellow","triangle",0.9,"True","{""anomaly"": 0.9}<|eot_id|>"
391,"keep right","yellow","circle",0,"False","{""anomaly"": 0.0}<|eot_id|>"
392,"keep right","yellow","square",1,"True","{""anomaly"": 1.0}<|eot_id|>"
393,"keep right","yellow","octagon",1,"True","{""anomaly"": 1.0}<|eot_id|>"
394,"keep right","yellow","inverse_triangle",0.9999,"True","{""anomaly"": 0.9999}<|eot_id|>"
395,"keep right","white","triangle",0.9,"True","{""anomaly"": 0.9}<|eot_id|>"
396,"keep right","white","circle",0,"False","{""anomaly"": 0.0}<|eot_id|>"
397,"keep right","white","square",1,"True","{""anomaly"": 1.0}<|eot_id|>"
398,"keep right","white","octagon",0.9999,"True","{""anomaly"": 0.9999}<|eot_id|>"
399,"keep right","white","inverse_triangle",1,"True","{""anomaly"": 1.0}<|eot_id|>"
400,"go right","red","triangle",1,"True","{""anomaly"": 1.0}<|eot_id|>"
401,"go right","red","circle",0.9,"True","{""anomaly"": 0.9}<|eot_id|>"
402,"go right","red","square",1,"True","{""anomaly"": 1.0}<|eot_id|>"
403,"go right","red","octagon",0.95,"True","{""anomaly"": 0.95}<|eot_id|>"
404,"go right","red","inverse_triangle",1,"True","{""anomaly"": 1.0}<|eot_id|>"
405,"go right","blue","triangle",0,"False","{""anomaly"": 0.0}<|eot_id|>"
406,"go right","blue","circle",0,"False","{""anomaly"": 0.0}<|eot_id|>"
407,"go right","blue","square",1,"True","{""anomaly"": 1.0}<|eot_id|>"
408,"go right","blue","octagon",0.9,"True","{""anomaly"": 0.9}<|eot_id|>"
409,"go right","blue","inverse_triangle",0.9,"True","{""anomaly"": 0.9}<|eot_id|>"
410,"go right","yellow","triangle",0.9,"True","{""anomaly"": 0.9}<|eot_id|>"
411,"go right","yellow","circle",0,"False","{""anomaly"": 0.0}<|eot_id|>"
412,"go right","yellow","square",0.999,"True","{""anomaly"": 0.999}<|eot_id|>"
413,"go right","yellow","octagon",0.9,"True","{""anomaly"": 0.9}<|eot_id|>"
414,"go right","yellow","inverse_triangle",0.9999,"True","{""anomaly"": 0.9999}<|eot_id|>"
415,"go right","white","triangle",0.95,"True","{""anomaly"": 0.95}<|eot_id|>"
416,"go right","white","circle",0.9,"True","{""anomaly"": 0.9}<|eot_id|>"
417,"go right","white","square",1,"True","{""anomaly"": 1.0}<|eot_id|>"
418,"go right","white","octagon",0.95,"True","{""anomaly"": 0.95}<|eot_id|>"
419,"go right","white","inverse_triangle",0.95,"True","{""anomaly"": 0.95}<|eot_id|>"
420,"pedestrian crossing","red","triangle",0,"False","{""anomaly"": 0.0}<|eot_id|>"
421,"pedestrian crossing","red","circle",0.9,"True","{""anomaly"": 0.9}<|eot_id|>"
422,"pedestrian crossing","red","square",1,"True","{""anomaly"": 1.0}<|eot_id|>"
423,"pedestrian crossing","red","octagon",1,"True","{""anomaly"": 1.0}<|eot_id|>"
424,"pedestrian crossing","red","inverse_triangle",0.9,"True","{""anomaly"": 0.9}<|eot_id|>"
425,"pedestrian crossing","blue","triangle",0.95,"True","{""anomaly"": 0.95}<|eot_id|>"
426,"pedestrian crossing","blue","circle",0.95,"True","{""anomaly"": 0.95}<|eot_id|>"
427,"pedestrian crossing","blue","square",1,"True","{""anomaly"": 1.0}<|eot_id|>"
428,"pedestrian crossing","blue","octagon",1,"True","{""anomaly"": 1.0}<|eot_id|>"
429,"pedestrian crossing","blue","inverse_triangle",1,"True","{""anomaly"": 1.0}<|eot_id|>"
430,"pedestrian crossing","yellow","triangle",0,"False","{""anomaly"": 0.0}<|eot_id|>"
431,"pedestrian crossing","yellow","circle",0.9,"True","{""anomaly"": 0.9}<|eot_id|>"
432,"pedestrian crossing","yellow","square",1,"True","{""anomaly"": 1.0}<|eot_id|>"
433,"pedestrian crossing","yellow","octagon",1,"True","{""anomaly"": 1.0}<|eot_id|>"
434,"pedestrian crossing","yellow","inverse_triangle",0.9,"True","{""anomaly"": 0.9}<|eot_id|>"
435,"pedestrian crossing","white","triangle",0,"False","{""anomaly"": 0.0}<|eot_id|>"
436,"pedestrian crossing","white","circle",0.9,"True","{""anomaly"": 0.9}<|eot_id|>"
437,"pedestrian crossing","white","square",1,"True","{""anomaly"": 1.0}<|eot_id|>"
438,"pedestrian crossing","white","octagon",0.9,"True","{""anomaly"": 0.9}<|eot_id|>"
439,"pedestrian crossing","white","inverse_triangle",0.9,"True","{""anomaly"": 0.9}<|eot_id|>"
440,"give way","red","triangle",0,"False","{""anomaly"": 0.0}<|eot_id|>"
441,"give way","red","circle",0,"False","{""anomaly"": 0.0}<|eot_id|>"
442,"give way","red","square",1,"True","{""anomaly"": 1.0}<|eot_id|>"
443,"give way","red","octagon",0.9,"True","{""anomaly"": 0.9}<|eot_id|>"
444,"give way","red","inverse_triangle",0,"False","{""anomaly"": 0.0}<|eot_id|>"
445,"give way","blue","triangle",0.9,"True","{""anomaly"": 0.9}<|eot_id|>"
446,"give way","blue","circle",0.8,"True","{""anomaly"": 0.8}<|eot_id|>"
447,"give way","blue","square",1,"True","{""anomaly"": 1.0}<|eot_id|>"
448,"give way","blue","octagon",0.9,"True","{""anomaly"": 0.9}<|eot_id|>"
449,"give way","blue","inverse_triangle",1,"True","{""anomaly"": 1.0}<|eot_id|>"
450,"give way","yellow","triangle",0,"False","{""anomaly"": 0.0}<|eot_id|>"
451,"give way","yellow","circle",0.9,"True","{""anomaly"": 0.9}<|eot_id|>"
452,"give way","yellow","square",0.9,"True","{""anomaly"": 0.9}<|eot_id|>"
453,"give way","yellow","octagon",0.9,"True","{""anomaly"": 0.9}<|eot_id|>"
454,"give way","yellow","inverse_triangle",0,"False","{""anomaly"": 0.0}<|eot_id|>"
455,"give way","white","triangle",0.9,"True","{""anomaly"": 0.9}<|eot_id|>"
456,"give way","white","circle",0.95,"True","{""anomaly"": 0.95}<|eot_id|>"
457,"give way","white","square",0.999,"True","{""anomaly"": 0.999}<|eot_id|>"
458,"give way","white","octagon",0.9,"True","{""anomaly"": 0.9}<|eot_id|>"
459,"give way","white","inverse_triangle",0.95,"True","{""anomaly"": 0.95}<|eot_id|>"
460,"speed limit 100","red","triangle",1,"True","{""anomaly"": 1.0}<|eot_id|>"
461,"speed limit 100","red","circle",0,"False","{""anomaly"": 0.0}<|eot_id|>"
462,"speed limit 100","red","square",1,"True","{""anomaly"": 1.0}<|eot_id|>"
463,"speed limit 100","red","octagon",1,"True","{""anomaly"": 1.0}<|eot_id|>"
464,"speed limit 100","red","inverse_triangle",1,"True","{""anomaly"": 1.0}<|eot_id|>"
465,"speed limit 100","blue","triangle",0.9,"True","{""anomaly"": 0.9}<|eot_id|>"
466,"speed limit 100","blue","circle",1,"True","{""anomaly"": 1.0}<|eot_id|>"
467,"speed limit 100","blue","square",1,"True","{""anomaly"": 1.0}<|eot_id|>"
468,"speed limit 100","blue","octagon",1,"True","{""anomaly"": 1.0}<|eot_id|>"
469,"speed limit 100","blue","inverse_triangle",1,"True","{""anomaly"": 1.0}<|eot_id|>"
470,"speed limit 100","yellow","triangle",1,"True","{""anomaly"": 1.0}<|eot_id|>"
471,"speed limit 100","yellow","circle",0.95,"True","{""anomaly"": 0.95}<|eot_id|>"
472,"speed limit 100","yellow","square",1,"True","{""anomaly"": 1.0}<|eot_id|>"
473,"speed limit 100","yellow","octagon",1,"True","{""anomaly"": 1.0}<|eot_id|>"
474,"speed limit 100","yellow","inverse_triangle",0.95,"True","{""anomaly"": 0.95}<|eot_id|>"
475,"speed limit 100","white","triangle",0.9,"True","{""anomaly"": 0.9}<|eot_id|>"
476,"speed limit 100","white","circle",0.9,"True","{""anomaly"": 0.9}<|eot_id|>"
477,"speed limit 100","white","square",1,"True","{""anomaly"": 1.0}<|eot_id|>"
478,"speed limit 100","white","octagon",0.95,"True","{""anomaly"": 0.95}<|eot_id|>"
479,"speed limit 100","white","inverse_triangle",1,"True","{""anomaly"": 1.0}<|eot_id|>"
480,"no overtaking trucks","red","triangle",0,"False","{""anomaly"": 0.0}<|eot_id|>"
481,"no overtaking trucks","red","circle",0,"False","{""anomaly"": 0.0}<|eot_id|>"
482,"no overtaking trucks","red","square",1,"True","{""anomaly"": 1.0}<|eot_id|>"
483,"no overtaking trucks","red","octagon",0.95,"True","{""anomaly"": 0.95}<|eot_id|>"
484,"no overtaking trucks","red","inverse_triangle",1,"True","{""anomaly"": 1.0}<|eot_id|>"
485,"no overtaking trucks","blue","triangle",1,"True","{""anomaly"": 1.0}<|eot_id|>"
486,"no overtaking trucks","blue","circle",0.9,"True","{""anomaly"": 0.9}<|eot_id|>"
487,"no overtaking trucks","blue","square",0.95,"True","{""anomaly"": 0.95}<|eot_id|>"
488,"no overtaking trucks","blue","octagon",0.9,"True","{""anomaly"": 0.9}<|eot_id|>"
489,"no overtaking trucks","blue","inverse_triangle",1,"True","{""anomaly"": 1.0}<|eot_id|>"
490,"no overtaking trucks","yellow","triangle",0,"False","{""anomaly"": 0.0}<|eot_id|>"
491,"no overtaking trucks","yellow","circle",0,"False","{""anomaly"": 0.0}<|eot_id|>"
492,"no overtaking trucks","yellow","square",1,"True","{""anomaly"": 1.0}<|eot_id|>"
493,"no overtaking trucks","yellow","octagon",1,"True","{""anomaly"": 1.0}<|eot_id|>"
494,"no overtaking trucks","yellow","inverse_triangle",1,"True","{""anomaly"": 1.0}<|eot_id|>"
495,"no overtaking trucks","white","triangle",0,"False","{""anomaly"": 0.0}<|eot_id|>"
496,"no overtaking trucks","white","circle",0.9999,"True","{""anomaly"": 0.9999}<|eot_id|>"
497,"no overtaking trucks","white","square",0.9,"True","{""anomaly"": 0.9}<|eot_id|>"
498,"no overtaking trucks","white","octagon",1,"True","{""anomaly"": 1.0}<|eot_id|>"
499,"no overtaking trucks","white","inverse_triangle",0.9999,"True","{""anomaly"": 0.9999}<|eot_id|>"
500,"no entry","red","triangle",0,"False","{""anomaly"": 0.0}<|eot_id|>"
501,"no entry","red","circle",0,"False","{""anomaly"": 0.0}<|eot_id|>"
502,"no entry","red","square",1,"True","{""anomaly"": 1.0}<|eot_id|>"
503,"no entry","red","octagon",1,"True","{""anomaly"": 1.0}<|eot_id|>"
504,"no entry","red","inverse_triangle",1,"True","{""anomaly"": 1.0}<|eot_id|>"
505,"no entry","blue","triangle",1,"True","{""anomaly"": 1.0}<|eot_id|>"
506,"no entry","blue","circle",1,"True","{""anomaly"": 1.0}<|eot_id|>"
507,"no entry","blue","square",1,"True","{""anomaly"": 1.0}<|eot_id|>"
508,"no entry","blue","octagon",0.9,"True","{""anomaly"": 0.9}<|eot_id|>"
509,"no entry","blue","inverse_triangle",1,"True","{""anomaly"": 1.0}<|eot_id|>"
510,"no entry","yellow","triangle",1,"True","{""anomaly"": 1.0}<|eot_id|>"
511,"no entry","yellow","circle",0.8,"True","{""anomaly"": 0.8}<|eot_id|>"
512,"no entry","yellow","square",1,"True","{""anomaly"": 1.0}<|eot_id|>"
513,"no entry","yellow","octagon",1,"True","{""anomaly"": 1.0}<|eot_id|>"
514,"no entry","yellow","inverse_triangle",0.9999,"True","{""anomaly"": 0.9999}<|eot_id|>"
515,"no entry","white","triangle",0.95,"True","{""anomaly"": 0.95}<|eot_id|>"
516,"no entry","white","circle",1,"True","{""anomaly"": 1.0}<|eot_id|>"
517,"no entry","white","square",1,"True","{""anomaly"": 1.0}<|eot_id|>"
518,"no entry","white","octagon",1,"True","{""anomaly"": 1.0}<|eot_id|>"
519,"no entry","white","inverse_triangle",1,"True","{""anomaly"": 1.0}<|eot_id|>"
520,"school crossing","red","triangle",0,"False","{""anomaly"": 0.0}<|eot_id|>"
521,"school crossing","red","circle",0.9,"True","{""anomaly"": 0.9}<|eot_id|>"
522,"school crossing","red","square",1,"True","{""anomaly"": 1.0}<|eot_id|>"
523,"school crossing","red","octagon",1,"True","{""anomaly"": 1.0}<|eot_id|>"
524,"school crossing","red","inverse_triangle",1,"True","{""anomaly"": 1.0}<|eot_id|>"
525,"school crossing","blue","triangle",0,"False","{""anomaly"": 0.0}<|eot_id|>"
526,"school crossing","blue","circle",0.999,"True","{""anomaly"": 0.999}<|eot_id|>"
527,"school crossing","blue","square",1,"True","{""anomaly"": 1.0}<|eot_id|>"
528,"school crossing","blue","octagon",1,"True","{""anomaly"": 1.0}<|eot_id|>"
529,"school crossing","blue","inverse_triangle",0.9,"True","{""anomaly"": 0.9}<|eot_id|>"
530,"school crossing","yellow","triangle",0,"False","{""anomaly"": 0.0}<|eot_id|>"
531,"school crossing","yellow","circle",0.999,"True","{""anomaly"": 0.999}<|eot_id|>"
532,"school crossing","yellow","square",1,"True","{""anomaly"": 1.0}<|eot_id|>"
533,"school crossing","yellow","octagon",0.95,"True","{""anomaly"": 0.95}<|eot_id|>"
534,"school crossing","yellow","inverse_triangle",0.95,"True","{""anomaly"": 0.95}<|eot_id|>"
535,"school crossing","white","triangle",0,"False","{""anomaly"": 0.0}<|eot_id|>"
536,"school crossing","white","circle",1,"True","{""anomaly"": 1.0}<|eot_id|>"
537,"school crossing","white","square",1,"True","{""anomaly"": 1.0}<|eot_id|>"
538,"school crossing","white","octagon",1,"True","{""anomaly"": 1.0}<|eot_id|>"
539,"school crossing","white","inverse_triangle",0.9999,"True","{""anomaly"": 0.9999}<|eot_id|>"
540,"speed limit 120","red","triangle",0.9,"True","{""anomaly"": 0.9}<|eot_id|>"
541,"speed limit 120","red","circle",0,"False","{""anomaly"": 0.0}<|eot_id|>"
542,"speed limit 120","red","square",1,"True","{""anomaly"": 1.0}<|eot_id|>"
543,"speed limit 120","red","octagon",1,"True","{""anomaly"": 1.0}<|eot_id|>"
544,"speed limit 120","red","inverse_triangle",0.9999,"True","{""anomaly"": 0.9999}<|eot_id|>"
545,"speed limit 120","blue","triangle",1,"True","{""anomaly"": 1.0}<|eot_id|>"
546,"speed limit 120","blue","circle",0.9,"True","{""anomaly"": 0.9}<|eot_id|>"
547,"speed limit 120","blue","square",1,"True","{""anomaly"": 1.0}<|eot_id|>"
548,"speed limit 120","blue","octagon",0.95,"True","{""anomaly"": 0.95}<|eot_id|>"
549,"speed limit 120","blue","inverse_triangle",1,"True","{""anomaly"": 1.0}<|eot_id|>"
550,"speed limit 120","yellow","triangle",1,"True","{""anomaly"": 1.0}<|eot_id|>"
551,"speed limit 120","yellow","circle",0.9,"True","{""anomaly"": 0.9}<|eot_id|>"
552,"speed limit 120","yellow","square",0.9999,"True","{""anomaly"": 0.9999}<|eot_id|>"
553,"speed limit 120","yellow","octagon",1,"True","{""anomaly"": 1.0}<|eot_id|>"
554,"speed limit 120","yellow","inverse_triangle",1,"True","{""anomaly"": 1.0}<|eot_id|>"
555,"speed limit 120","white","triangle",1,"True","{""anomaly"": 1.0}<|eot_id|>"
556,"speed limit 120","white","circle",1,"True","{""anomaly"": 1.0}<|eot_id|>"
557,"speed limit 120","white","square",1,"True","{""anomaly"": 1.0}<|eot_id|>"
558,"speed limit 120","white","octagon",1,"True","{""anomaly"": 1.0}<|eot_id|>"
559,"speed limit 120","white","inverse_triangle",0.9,"True","{""anomaly"": 0.9}<|eot_id|>"
560,"no overtaking","red","triangle",0,"False","{""anomaly"": 0.0}<|eot_id|>"
561,"no overtaking","red","circle",0,"False","{""anomaly"": 0.0}<|eot_id|>"
562,"no overtaking","red","square",1,"True","{""anomaly"": 1.0}<|eot_id|>"
563,"no overtaking","red","octagon",1,"True","{""anomaly"": 1.0}<|eot_id|>"
564,"no overtaking","red","inverse_triangle",0.9,"True","{""anomaly"": 0.9}<|eot_id|>"
565,"no overtaking","blue","triangle",0.95,"True","{""anomaly"": 0.95}<|eot_id|>"
566,"no overtaking","blue","circle",0.9,"True","{""anomaly"": 0.9}<|eot_id|>"
567,"no overtaking","blue","square",1,"True","{""anomaly"": 1.0}<|eot_id|>"
568,"no overtaking","blue","octagon",0.9999,"True","{""anomaly"": 0.9999}<|eot_id|>"
569,"no overtaking","blue","inverse_triangle",0.9,"True","{""anomaly"": 0.9}<|eot_id|>"
570,"no overtaking","yellow","triangle",0,"False","{""anomaly"": 0.0}<|eot_id|>"
571,"no overtaking","yellow","circle",0.9,"True","{""anomaly"": 0.9}<|eot_id|>"
572,"no overtaking","yellow","square",0.95,"True","{""anomaly"": 0.95}<|eot_id|>"
573,"no overtaking","yellow","octagon",1,"True","{""anomaly"": 1.0}<|eot_id|>"
574,"no overtaking","yellow","inverse_triangle",1,"True","{""anomaly"": 1.0}<|eot_id|>"
575,"no overtaking","white","triangle",0.8,"True","{""anomaly"": 0.8}<|eot_id|>"
576,"no overtaking","white","circle",0.9,"True","{""anomaly"": 0.9}<|eot_id|>"
577,"no overtaking","white","square",1,"True","{""anomaly"": 1.0}<|eot_id|>"
578,"no overtaking","white","octagon",1,"True","{""anomaly"": 1.0}<|eot_id|>"
579,"no overtaking","white","inverse_triangle",0.9999,"True","{""anomaly"": 0.9999}<|eot_id|>"
580,"priority at next intersection","red","triangle",0,"False","{""anomaly"": 0.0}<|eot_id|>"
581,"priority at next intersection","red","circle",0.95,"True","{""anomaly"": 0.95}<|eot_id|>"
582,"priority at next intersection","red","square",1,"True","{""anomaly"": 1.0}<|eot_id|>"
583,"priority at next intersection","red","octagon",0.9,"True","{""anomaly"": 0.9}<|eot_id|>"
584,"priority at next intersection","red","inverse_triangle",1,"True","{""anomaly"": 1.0}<|eot_id|>"
585,"priority at next intersection","blue","triangle",0,"False","{""anomaly"": 0.0}<|eot_id|>"
586,"priority at next intersection","blue","circle",0.9,"True","{""anomaly"": 0.9}<|eot_id|>"
587,"priority at next intersection","blue","square",0.95,"True","{""anomaly"": 0.95}<|eot_id|>"
588,"priority at next intersection","blue","octagon",0.9,"True","{""anomaly"": 0.9}<|eot_id|>"
589,"priority at next intersection","blue","inverse_triangle",1,"True","{""anomaly"": 1.0}<|eot_id|>"
590,"priority at next intersection","yellow","triangle",0,"False","{""anomaly"": 0.0}<|eot_id|>"
591,"priority at next intersection","yellow","circle",0,"False","{""anomaly"": 0.0}<|eot_id|>"
592,"priority at next intersection","yellow","square",1,"True","{""anomaly"": 1.0}<|eot_id|>"
593,"priority at next intersection","yellow","octagon",1,"True","{""anomaly"": 1.0}<|eot_id|>"
594,"priority at next intersection","yellow","inverse_triangle",1,"True","{""anomaly"": 1.0}<|eot_id|>"
595,"priority at next intersection","white","triangle",0,"False","{""anomaly"": 0.0}<|eot_id|>"
596,"priority at next intersection","white","circle",0.95,"True","{""anomaly"": 0.95}<|eot_id|>"
597,"priority at next intersection","white","square",0.999,"True","{""anomaly"": 0.999}<|eot_id|>"
598,"priority at next intersection","white","octagon",0.9,"True","{""anomaly"": 0.9}<|eot_id|>"
599,"priority at next intersection","white","inverse_triangle",0.9999,"True","{""anomaly"": 0.9999}<|eot_id|>"
600,"slippery road","red","triangle",0,"False","{""anomaly"": 0.0}<|eot_id|>"
601,"slippery road","red","circle",0.8,"True","{""anomaly"": 0.8}<|eot_id|>"
602,"slippery road","red","square",1,"True","{""anomaly"": 1.0}<|eot_id|>"
603,"slippery road","red","octagon",0.9,"True","{""anomaly"": 0.9}<|eot_id|>"
604,"slippery road","red","inverse_triangle",1,"True","{""anomaly"": 1.0}<|eot_id|>"
605,"slippery road","blue","triangle",0.9,"True","{""anomaly"": 0.9}<|eot_id|>"
606,"slippery road","blue","circle",0.9,"True","{""anomaly"": 0.9}<|eot_id|>"
607,"slippery road","blue","square",1,"True","{""anomaly"": 1.0}<|eot_id|>"
608,"slippery road","blue","octagon",1,"True","{""anomaly"": 1.0}<|eot_id|>"
609,"slippery road","blue","inverse_triangle",0.9999,"True","{""anomaly"": 0.9999}<|eot_id|>"
610,"slippery road","yellow","triangle",0.9,"True","{""anomaly"": 0.9}<|eot_id|>"
611,"slippery road","yellow","circle",0.9,"True","{""anomaly"": 0.9}<|eot_id|>"
612,"slippery road","yellow","square",0.95,"True","{""anomaly"": 0.95}<|eot_id|>"
613,"slippery road","yellow","octagon",0.9,"True","{""anomaly"": 0.9}<|eot_id|>"
614,"slippery road","yellow","inverse_triangle",0.9,"True","{""anomaly"": 0.9}<|eot_id|>"
615,"slippery road","white","triangle",0.9,"True","{""anomaly"": 0.9}<|eot_id|>"
616,"slippery road","white","circle",0.9,"True","{""anomaly"": 0.9}<|eot_id|>"
617,"slippery road","white","square",0.9999,"True","{""anomaly"": 0.9999}<|eot_id|>"
618,"slippery road","white","octagon",1,"True","{""anomaly"": 1.0}<|eot_id|>"
619,"slippery road","white","inverse_triangle",0.9,"True","{""anomaly"": 0.9}<|eot_id|>"
620,"go right or straight","red","triangle",0.9,"True","{""anomaly"": 0.9}<|eot_id|>"
621,"go right or straight","red","circle",0.9,"True","{""anomaly"": 0.9}<|eot_id|>"
622,"go right or straight","red","square",1,"True","{""anomaly"": 1.0}<|eot_id|>"
623,"go right or straight","red","octagon",1,"True","{""anomaly"": 1.0}<|eot_id|>"
624,"go right or straight","red","inverse_triangle",1,"True","{""anomaly"": 1.0}<|eot_id|>"
625,"go right or straight","blue","triangle",0,"False","{""anomaly"": 0.0}<|eot_id|>"
626,"go right or straight","blue","circle",0,"False","{""anomaly"": 0.0}<|eot_id|>"
627,"go right or straight","blue","square",1,"True","{""anomaly"": 1.0}<|eot_id|>"
628,"go right or straight","blue","octagon",0.9999,"True","{""anomaly"": 0.9999}<|eot_id|>"
629,"go right or straight","blue","inverse_triangle",0.9,"True","{""anomaly"": 0.9}<|eot_id|>"
630,"go right or straight","yellow","triangle",0.9,"True","{""anomaly"": 0.9}<|eot_id|>"
631,"go right or straight","yellow","circle",0,"False","{""anomaly"": 0.0}<|eot_id|>"
632,"go right or straight","yellow","square",1,"True","{""anomaly"": 1.0}<|eot_id|>"
633,"go right or straight","yellow","octagon",0.9,"True","{""anomaly"": 0.9}<|eot_id|>"
634,"go right or straight","yellow","inverse_triangle",1,"True","{""anomaly"": 1.0}<|eot_id|>"
635,"go right or straight","white","triangle",0,"False","{""anomaly"": 0.0}<|eot_id|>"
636,"go right or straight","white","circle",0,"False","{""anomaly"": 0.0}<|eot_id|>"
637,"go right or straight","white","square",1,"True","{""anomaly"": 1.0}<|eot_id|>"
638,"go right or straight","white","octagon",0.9,"True","{""anomaly"": 0.9}<|eot_id|>"
639,"go right or straight","white","inverse_triangle",1,"True","{""anomaly"": 1.0}<|eot_id|>"
640,"bend left","red","triangle",0,"False","{""anomaly"": 0.0}<|eot_id|>"
641,"bend left","red","circle",0.95,"True","{""anomaly"": 0.95}<|eot_id|>"
642,"bend left","red","square",1,"True","{""anomaly"": 1.0}<|eot_id|>"
643,"bend left","red","octagon",0.95,"True","{""anomaly"": 0.95}<|eot_id|>"
644,"bend left","red","inverse_triangle",0.95,"True","{""anomaly"": 0.95}<|eot_id|>"
645,"bend left","blue","triangle",0,"False","{""anomaly"": 0.0}<|eot_id|>"
646,"bend left","blue","circle",0.8,"True","{""anomaly"": 0.8}<|eot_id|>"
647,"bend left","blue","square",0.9,"True","{""anomaly"": 0.9}<|eot_id|>"
648,"bend left","blue","octagon",0.9,"True","{""anomaly"": 0.9}<|eot_id|>"
649,"bend left","blue","inverse_triangle",1,"True","{""anomaly"": 1.0}<|eot_id|>"
650,"bend left","yellow","triangle",0,"False","{""anomaly"": 0.0}<|eot_id|>"
651,"bend left","yellow","circle",0.9,"True","{""anomaly"": 0.9}<|eot_id|>"
652,"bend left","yellow","square",1,"True","{""anomaly"": 1.0}<|eot_id|>"
653,"bend left","yellow","octagon",1,"True","{""anomaly"": 1.0}<|eot_id|>"
654,"bend left","yellow","inverse_triangle",0.9,"True","{""anomaly"": 0.9}<|eot_id|>"
655,"bend left","white","triangle",0.9,"True","{""anomaly"": 0.9}<|eot_id|>"
656,"bend left","white","circle",0.95,"True","{""anomaly"": 0.95}<|eot_id|>"
657,"bend left","white","square",0.95,"True","{""anomaly"": 0.95}<|eot_id|>"
658,"bend left","white","octagon",1,"True","{""anomaly"": 1.0}<|eot_id|>"
659,"bend left","white","inverse_triangle",0.9,"True","{""anomaly"": 0.9}<|eot_id|>"
660,"go left or straight","red","triangle",0.9,"True","{""anomaly"": 0.9}<|eot_id|>"
661,"go left or straight","red","circle",0.9,"True","{""anomaly"": 0.9}<|eot_id|>"
662,"go left or straight","red","square",1,"True","{""anomaly"": 1.0}<|eot_id|>"
663,"go left or straight","red","octagon",1,"True","{""anomaly"": 1.0}<|eot_id|>"
664,"go left or straight","red","inverse_triangle",1,"True","{""anomaly"": 1.0}<|eot_id|>"
665,"go left or straight","blue","triangle",0,"False","{""anomaly"": 0.0}<|eot_id|>"
666,"go left or straight","blue","circle",0,"False","{""anomaly"": 0.0}<|eot_id|>"
667,"go left or straight","blue","square",1,"True","{""anomaly"": 1.0}<|eot_id|>"
668,"go left or straight","blue","octagon",0.9,"True","{""anomaly"": 0.9}<|eot_id|>"
669,"go left or straight","blue","inverse_triangle",0.9,"True","{""anomaly"": 0.9}<|eot_id|>"
670,"go left or straight","yellow","triangle",0.9,"True","{""anomaly"": 0.9}<|eot_id|>"
671,"go left or straight","yellow","circle",0.9,"True","{""anomaly"": 0.9}<|eot_id|>"
672,"go left or straight","yellow","square",0.999,"True","{""anomaly"": 0.999}<|eot_id|>"
673,"go left or straight","yellow","octagon",0.95,"True","{""anomaly"": 0.95}<|eot_id|>"
674,"go left or straight","yellow","inverse_triangle",0.9,"True","{""anomaly"": 0.9}<|eot_id|>"
675,"go left or straight","white","triangle",0.9999,"True","{""anomaly"": 0.9999}<|eot_id|>"
676,"go left or straight","white","circle",0,"False","{""anomaly"": 0.0}<|eot_id|>"
677,"go left or straight","white","square",0.999,"True","{""anomaly"": 0.999}<|eot_id|>"
678,"go left or straight","white","octagon",0.95,"True","{""anomaly"": 0.95}<|eot_id|>"
679,"go left or straight","white","inverse_triangle",0.9,"True","{""anomaly"": 0.9}<|eot_id|>"
680,"bend","red","triangle",0,"False","{""anomaly"": 0.0}<|eot_id|>"
681,"bend","red","circle",0.9,"True","{""anomaly"": 0.9}<|eot_id|>"
682,"bend","red","square",1,"True","{""anomaly"": 1.0}<|eot_id|>"
683,"bend","red","octagon",1,"True","{""anomaly"": 1.0}<|eot_id|>"
684,"bend","red","inverse_triangle",1,"True","{""anomaly"": 1.0}<|eot_id|>"
685,"bend","blue","triangle",0,"False","{""anomaly"": 0.0}<|eot_id|>"
686,"bend","blue","circle",0.8,"True","{""anomaly"": 0.8}<|eot_id|>"
687,"bend","blue","square",0.95,"True","{""anomaly"": 0.95}<|eot_id|>"
688,"bend","blue","octagon",0.95,"True","{""anomaly"": 0.95}<|eot_id|>"
689,"bend","blue","inverse_triangle",1,"True","{""anomaly"": 1.0}<|eot_id|>"
690,"bend","yellow","triangle",0,"False","{""anomaly"": 0.0}<|eot_id|>"
691,"bend","yellow","circle",0.95,"True","{""anomaly"": 0.95}<|eot_id|>"
692,"bend","yellow","square",0.9999,"True","{""anomaly"": 0.9999}<|eot_id|>"
693,"bend","yellow","octagon",0.9999,"True","{""anomaly"": 0.9999}<|eot_id|>"
694,"bend","yellow","inverse_triangle",1,"True","{""anomaly"": 1.0}<|eot_id|>"
695,"bend","white","triangle",0,"False","{""anomaly"": 0.0}<|eot_id|>"
696,"bend","white","circle",0.9,"True","{""anomaly"": 0.9}<|eot_id|>"
697,"bend","white","square",0.9,"True","{""anomaly"": 0.9}<|eot_id|>"
698,"bend","white","octagon",1,"True","{""anomaly"": 1.0}<|eot_id|>"
699,"bend","white","inverse_triangle",1,"True","{""anomaly"": 1.0}<|eot_id|>"
700,"construction","red","triangle",0,"False","{""anomaly"": 0.0}<|eot_id|>"
701,"construction","red","circle",0.8,"True","{""anomaly"": 0.8}<|eot_id|>"
702,"construction","red","square",0.9,"True","{""anomaly"": 0.9}<|eot_id|>"
703,"construction","red","octagon",0.9,"True","{""anomaly"": 0.9}<|eot_id|>"
704,"construction","red","inverse_triangle",0.95,"True","{""anomaly"": 0.95}<|eot_id|>"
705,"construction","blue","triangle",0.95,"True","{""anomaly"": 0.95}<|eot_id|>"
706,"construction","blue","circle",0.9,"True","{""anomaly"": 0.9}<|eot_id|>"
707,"construction","blue","square",0.9,"True","{""anomaly"": 0.9}<|eot_id|>"
708,"construction","blue","octagon",1,"True","{""anomaly"": 1.0}<|eot_id|>"
709,"construction","blue","inverse_triangle",0.9999,"True","{""anomaly"": 0.9999}<|eot_id|>"
710,"construction","yellow","triangle",0,"False","{""anomaly"": 0.0}<|eot_id|>"
711,"construction","yellow","circle",0,"False","{""anomaly"": 0.0}<|eot_id|>"
712,"construction","yellow","square",1,"True","{""anomaly"": 1.0}<|eot_id|>"
713,"construction","yellow","octagon",0.95,"True","{""anomaly"": 0.95}<|eot_id|>"
714,"construction","yellow","inverse_triangle",0.999,"True","{""anomaly"": 0.999}<|eot_id|>"
715,"construction","white","triangle",0,"False","{""anomaly"": 0.0}<|eot_id|>"
716,"construction","white","circle",0,"False","{""anomaly"": 0.0}<|eot_id|>"
717,"construction","white","square",0.9,"True","{""anomaly"": 0.9}<|eot_id|>"
718,"construction","white","octagon",0.9,"True","{""anomaly"": 0.9}<|eot_id|>"
719,"construction","white","inverse_triangle",0.9,"True","{""anomaly"": 0.9}<|eot_id|>"
720,"go left","red","triangle",0.95,"True","{""anomaly"": 0.95}<|eot_id|>"
721,"go left","red","circle",0.95,"True","{""anomaly"": 0.95}<|eot_id|>"
722,"go left","red","square",1,"True","{""anomaly"": 1.0}<|eot_id|>"
723,"go left","red","octagon",1,"True","{""anomaly"": 1.0}<|eot_id|>"
724,"go left","red","inverse_triangle",1,"True","{""anomaly"": 1.0}<|eot_id|>"
725,"go left","blue","triangle",0,"False","{""anomaly"": 0.0}<|eot_id|>"
726,"go left","blue","circle",0,"False","{""anomaly"": 0.0}<|eot_id|>"
727,"go left","blue","square",1,"True","{""anomaly"": 1.0}<|eot_id|>"
728,"go left","blue","octagon",0.9,"True","{""anomaly"": 0.9}<|eot_id|>"
729,"go left","blue","inverse_triangle",1,"True","{""anomaly"": 1.0}<|eot_id|>"
730,"go left","yellow","triangle",0.95,"True","{""anomaly"": 0.95}<|eot_id|>"
731,"go left","yellow","circle",0.8,"True","{""anomaly"": 0.8}<|eot_id|>"
732,"go left","yellow","square",1,"True","{""anomaly"": 1.0}<|eot_id|>"
733,"go left","yellow","octagon",1,"True","{""anomaly"": 1.0}<|eot_id|>"
734,"go left","yellow","inverse_triangle",0.9,"True","{""anomaly"": 0.9}<|eot_id|>"
735,"go left","white","triangle",0.95,"True","{""anomaly"": 0.95}<|eot_id|>"
736,"go left","white","circle",0,"False","{""anomaly"": 0.0}<|eot_id|>"
737,"go left","white","square",0.95,"True","{""anomaly"": 0.95}<|eot_id|>"
738,"go left","white","octagon",1,"True","{""anomaly"": 1.0}<|eot_id|>"
739,"go left","white","inverse_triangle",0.9,"True","{""anomaly"": 0.9}<|eot_id|>"
740,"restriction ends overtaking","red","triangle",0,"False","{""anomaly"": 0.0}<|eot_id|>"
741,"restriction ends overtaking","red","circle",0,"False","{""anomaly"": 0.0}<|eot_id|>"
742,"restriction ends overtaking","red","square",1,"True","{""anomaly"": 1.0}<|eot_id|>"
743,"restriction ends overtaking","red","octagon",0.95,"True","{""anomaly"": 0.95}<|eot_id|>"
744,"restriction ends overtaking","red","inverse_triangle",1,"True","{""anomaly"": 1.0}<|eot_id|>"
745,"restriction ends overtaking","blue","triangle",0.95,"True","{""anomaly"": 0.95}<|eot_id|>"
746,"restriction ends overtaking","blue","circle",0,"False","{""anomaly"": 0.0}<|eot_id|>"
747,"restriction ends overtaking","blue","square",0.95,"True","{""anomaly"": 0.95}<|eot_id|>"
748,"restriction ends overtaking","blue","octagon",1,"True","{""anomaly"": 1.0}<|eot_id|>"
749,"restriction ends overtaking","blue","inverse_triangle",0.999,"True","{""anomaly"": 0.999}<|eot_id|>"
750,"restriction ends overtaking","yellow","triangle",0,"False","{""anomaly"": 0.0}<|eot_id|>"
751,"restriction ends overtaking","yellow","circle",0,"False","{""anomaly"": 0.0}<|eot_id|>"
752,"restriction ends overtaking","yellow","square",0.9999,"True","{""anomaly"": 0.9999}<|eot_id|>"
753,"restriction ends overtaking","yellow","octagon",1,"True","{""anomaly"": 1.0}<|eot_id|>"
754,"restriction ends overtaking","yellow","inverse_triangle",0.9,"True","{""anomaly"": 0.9}<|eot_id|>"
755,"restriction ends overtaking","white","triangle",0,"False","{""anomaly"": 0.0}<|eot_id|>"
756,"restriction ends overtaking","white","circle",0,"False","{""anomaly"": 0.0}<|eot_id|>"
757,"restriction ends overtaking","white","square",0.9,"True","{""anomaly"": 0.9}<|eot_id|>"
758,"restriction ends overtaking","white","octagon",0.9,"True","{""anomaly"": 0.9}<|eot_id|>"
759,"restriction ends overtaking","white","inverse_triangle",0.9999,"True","{""anomaly"": 0.9999}<|eot_id|>"
760,"speed limit 60","red","triangle",0.95,"True","{""anomaly"": 0.95}<|eot_id|>"
761,"speed limit 60","red","circle",0,"False","{""anomaly"": 0.0}<|eot_id|>"
762,"speed limit 60","red","square",1,"True","{""anomaly"": 1.0}<|eot_id|>"
763,"speed limit 60","red","octagon",1,"True","{""anomaly"": 1.0}<|eot_id|>"
764,"speed limit 60","red","inverse_triangle",1,"True","{""anomaly"": 1.0}<|eot_id|>"
765,"speed limit 60","blue","triangle",0.95,"True","{""anomaly"": 0.95}<|eot_id|>"
766,"speed limit 60","blue","circle",0.9,"True","{""anomaly"": 0.9}<|eot_id|>"
767,"speed limit 60","blue","square",0.9,"True","{""anomaly"": 0.9}<|eot_id|>"
768,"speed limit 60","blue","octagon",0.9,"True","{""anomaly"": 0.9}<|eot_id|>"
769,"speed limit 60","blue","inverse_triangle",1,"True","{""anomaly"": 1.0}<|eot_id|>"
770,"speed limit 60","yellow","triangle",0.8,"True","{""anomaly"": 0.8}<|eot_id|>"
771,"speed limit 60","yellow","circle",0,"False","{""anomaly"": 0.0}<|eot_id|>"
772,"speed limit 60","yellow","square",1,"True","{""anomaly"": 1.0}<|eot_id|>"
773,"speed limit 60","yellow","octagon",1,"True","{""anomaly"": 1.0}<|eot_id|>"
774,"speed limit 60","yellow","inverse_triangle",1,"True","{""anomaly"": 1.0}<|eot_id|>"
775,"speed limit 60","white","triangle",0.95,"True","{""anomaly"": 0.95}<|eot_id|>"
776,"speed limit 60","white","circle",0.8,"True","{""anomaly"": 0.8}<|eot_id|>"
777,"speed limit 60","white","square",1,"True","{""anomaly"": 1.0}<|eot_id|>"
778,"speed limit 60","white","octagon",1,"True","{""anomaly"": 1.0}<|eot_id|>"
779,"speed limit 60","white","inverse_triangle",0.9,"True","{""anomaly"": 0.9}<|eot_id|>"
780,"no traffic both ways","red","triangle",0,"False","{""anomaly"": 0.0}<|eot_id|>"
781,"no traffic both ways","red","circle",0,"False","{""anomaly"": 0.0}<|eot_id|>"
782,"no traffic both ways","red","square",1,"True","{""anomaly"": 1.0}<|eot_id|>"
783,"no traffic both ways","red","octagon",1,"True","{""anomaly"": 1.0}<|eot_id|>"
784,"no traffic both ways","red","inverse_triangle",1,"True","{""anomaly"": 1.0}<|eot_id|>"
785,"no traffic both ways","blue","triangle",0.9,"True","{""anomaly"": 0.9}<|eot_id|>"
786,"no traffic both ways","blue","circle",0.9,"True","{""anomaly"": 0.9}<|eot_id|>"
787,"no traffic both ways","blue","square",1,"True","{""anomaly"": 1.0}<|eot_id|>"
788,"no traffic both ways","blue","octagon",0.9,"True","{""anomaly"": 0.9}<|eot_id|>"
789,"no traffic both ways","blue","inverse_triangle",1,"True","{""anomaly"": 1.0}<|eot_id|>"
790,"no traffic both ways","yellow","triangle",0,"False","{""anomaly"": 0.0}<|eot_id|>"
791,"no traffic both ways","yellow","circle",0,"False","{""anomaly"": 0.0}<|eot_id|>"
792,"no traffic both ways","yellow","square",0.9999,"True","{""anomaly"": 0.9999}<|eot_id|>"
793,"no traffic both ways","yellow","octagon",0.9,"True","{""anomaly"": 0.9}<|eot_id|>"
794,"no traffic both ways","yellow","inverse_triangle",0.9,"True","{""anomaly"": 0.9}<|eot_id|>"
795,"no traffic both ways","white","triangle",0,"False","{""anomaly"": 0.0}<|eot_id|>"
796,"no traffic both ways","white","circle",0.95,"True","{""anomaly"": 0.95}<|eot_id|>"
797,"no traffic both ways","white","square",1,"True","{""anomaly"": 1.0}<|eot_id|>"
798,"no traffic both ways","white","octagon",1,"True","{""anomaly"": 1.0}<|eot_id|>"
799,"no traffic both ways","white","inverse_triangle",0.9,"True","{""anomaly"": 0.9}<|eot_id|>"
800,"speed limit 30","red","triangle",0.9,"True","{""anomaly"": 0.9}<|eot_id|>"
801,"speed limit 30","red","circle",0,"False","{""anomaly"": 0.0}<|eot_id|>"
802,"speed limit 30","red","square",1,"True","{""anomaly"": 1.0}<|eot_id|>"
803,"speed limit 30","red","octagon",1,"True","{""anomaly"": 1.0}<|eot_id|>"
804,"speed limit 30","red","inverse_triangle",1,"True","{""anomaly"": 1.0}<|eot_id|>"
805,"speed limit 30","blue","triangle",0.9,"True","{""anomaly"": 0.9}<|eot_id|>"
806,"speed limit 30","blue","circle",0.9,"True","{""anomaly"": 0.9}<|eot_id|>"
807,"speed limit 30","blue","square",1,"True","{""anomaly"": 1.0}<|eot_id|>"
808,"speed limit 30","blue","octagon",1,"True","{""anomaly"": 1.0}<|eot_id|>"
809,"speed limit 30","blue","inverse_triangle",1,"True","{""anomaly"": 1.0}<|eot_id|>"
810,"speed limit 30","yellow","triangle",0.9,"True","{""anomaly"": 0.9}<|eot_id|>"
811,"speed limit 30","yellow","circle",0,"False","{""anomaly"": 0.0}<|eot_id|>"
812,"speed limit 30","yellow","square",1,"True","{""anomaly"": 1.0}<|eot_id|>"
813,"speed limit 30","yellow","octagon",0.9,"True","{""anomaly"": 0.9}<|eot_id|>"
814,"speed limit 30","yellow","inverse_triangle",1,"True","{""anomaly"": 1.0}<|eot_id|>"
815,"speed limit 30","white","triangle",0.9,"True","{""anomaly"": 0.9}<|eot_id|>"
816,"speed limit 30","white","circle",0.9,"True","{""anomaly"": 0.9}<|eot_id|>"
817,"speed limit 30","white","square",0.9999,"True","{""anomaly"": 0.9999}<|eot_id|>"
818,"speed limit 30","white","octagon",1,"True","{""anomaly"": 1.0}<|eot_id|>"
819,"speed limit 30","white","inverse_triangle",1,"True","{""anomaly"": 1.0}<|eot_id|>"
820,"no trucks","red","triangle",0,"False","{""anomaly"": 0.0}<|eot_id|>"
821,"no trucks","red","circle",0,"False","{""anomaly"": 0.0}<|eot_id|>"
822,"no trucks","red","square",1,"True","{""anomaly"": 1.0}<|eot_id|>"
823,"no trucks","red","octagon",1,"True","{""anomaly"": 1.0}<|eot_id|>"
824,"no trucks","red","inverse_triangle",1,"True","{""anomaly"": 1.0}<|eot_id|>"
825,"no trucks","blue","triangle",0.9,"True","{""anomaly"": 0.9}<|eot_id|>"
826,"no trucks","blue","circle",0.9,"True","{""anomaly"": 0.9}<|eot_id|>"
827,"no trucks","blue","square",1,"True","{""anomaly"": 1.0}<|eot_id|>"
828,"no trucks","blue","octagon",1,"True","{""anomaly"": 1.0}<|eot_id|>"
829,"no trucks","blue","inverse_triangle",0.9,"True","{""anomaly"": 0.9}<|eot_id|>"
830,"no trucks","yellow","triangle",0,"False","{""anomaly"": 0.0}<|eot_id|>"
831,"no trucks","yellow","circle",0,"False","{""anomaly"": 0.0}<|eot_id|>"
832,"no trucks","yellow","square",0.9999,"True","{""anomaly"": 0.9999}<|eot_id|>"
833,"no trucks","yellow","octagon",1,"True","{""anomaly"": 1.0}<|eot_id|>"
834,"no trucks","yellow","inverse_triangle",1,"True","{""anomaly"": 1.0}<|eot_id|>"
835,"no trucks","white","triangle",0.9,"True","{""anomaly"": 0.9}<|eot_id|>"
836,"no trucks","white","circle",0,"False","{""anomaly"": 0.0}<|eot_id|>"
837,"no trucks","white","square",1,"True","{""anomaly"": 1.0}<|eot_id|>"
838,"no trucks","white","octagon",1,"True","{""anomaly"": 1.0}<|eot_id|>"
839,"no trucks","white","inverse_triangle",1,"True","{""anomaly"": 1.0}<|eot_id|>"
840,"road narrows","red","triangle",0,"False","{""anomaly"": 0.0}<|eot_id|>"
841,"road narrows","red","circle",0.8,"True","{""anomaly"": 0.8}<|eot_id|>"
842,"road narrows","red","square",0.9,"True","{""anomaly"": 0.9}<|eot_id|>"
843,"road narrows","red","octagon",0.9,"True","{""anomaly"": 0.9}<|eot_id|>"
844,"road narrows","red","inverse_triangle",0.95,"True","{""anomaly"": 0.95}<|eot_id|>"
845,"road narrows","blue","triangle",0,"False","{""anomaly"": 0.0}<|eot_id|>"
846,"road narrows","blue","circle",0.9,"True","{""anomaly"": 0.9}<|eot_id|>"
847,"road narrows","blue","square",1,"True","{""anomaly"": 1.0}<|eot_id|>"
848,"road narrows","blue","octagon",0.9,"True","{""anomaly"": 0.9}<|eot_id|>"
849,"road narrows","blue","inverse_triangle",0.95,"True","{""anomaly"": 0.95}<|eot_id|>"
850,"road narrows","yellow","triangle",0,"False","{""anomaly"": 0.0}<|eot_id|>"
851,"road narrows","yellow","circle",0,"False","{""anomaly"": 0.0}<|eot_id|>"
852,"road narrows","yellow","square",0.9999,"True","{""anomaly"": 0.9999}<|eot_id|>"
853,"road narrows","yellow","octagon",0.9,"True","{""anomaly"": 0.9}<|eot_id|>"
854,"road narrows","yellow","inverse_triangle",0.9,"True","{""anomaly"": 0.9}<|eot_id|>"
855,"road narrows","white","triangle",0,"False","{""anomaly"": 0.0}<|eot_id|>"
856,"road narrows","white","circle",0,"False","{""anomaly"": 0.0}<|eot_id|>"
857,"road narrows","white","square",1,"True","{""anomaly"": 1.0}<|eot_id|>"
858,"road narrows","white","octagon",0.9999,"True","{""anomaly"": 0.9999}<|eot_id|>"
859,"road narrows","white","inverse_triangle",0.9,"True","{""anomaly"": 0.9}<|eot_id|>"
